CREATE DATABASE  IF NOT EXISTS `kpd_finaldemo` /*!40100 DEFAULT CHARACTER SET utf8mb4 COLLATE utf8mb4_0900_ai_ci */ /*!80016 DEFAULT ENCRYPTION='N' */;
USE `kpd_finaldemo`;
-- MySQL dump 10.13  Distrib 8.0.27, for Win64 (x86_64)
--
-- Host: 127.0.0.1    Database: kpd_finaldemo
-- ------------------------------------------------------
-- Server version	8.0.27

/*!40101 SET @OLD_CHARACTER_SET_CLIENT=@@CHARACTER_SET_CLIENT */;
/*!40101 SET @OLD_CHARACTER_SET_RESULTS=@@CHARACTER_SET_RESULTS */;
/*!40101 SET @OLD_COLLATION_CONNECTION=@@COLLATION_CONNECTION */;
/*!50503 SET NAMES utf8 */;
/*!40103 SET @OLD_TIME_ZONE=@@TIME_ZONE */;
/*!40103 SET TIME_ZONE='+00:00' */;
/*!40014 SET @OLD_UNIQUE_CHECKS=@@UNIQUE_CHECKS, UNIQUE_CHECKS=0 */;
/*!40014 SET @OLD_FOREIGN_KEY_CHECKS=@@FOREIGN_KEY_CHECKS, FOREIGN_KEY_CHECKS=0 */;
/*!40101 SET @OLD_SQL_MODE=@@SQL_MODE, SQL_MODE='NO_AUTO_VALUE_ON_ZERO' */;
/*!40111 SET @OLD_SQL_NOTES=@@SQL_NOTES, SQL_NOTES=0 */;

--
-- Table structure for table `att01`
--

DROP TABLE IF EXISTS `att01`;
/*!40101 SET @saved_cs_client     = @@character_set_client */;
/*!50503 SET character_set_client = utf8mb4 */;
CREATE TABLE `att01` (
  `ATT01F01` int NOT NULL AUTO_INCREMENT,
  `ATT01F02` int NOT NULL,
  `ATT01F03` int NOT NULL,
  `ATT01F04` date NOT NULL,
  `ATT01F05` varchar(50) DEFAULT NULL,
  `ATT01F06` varchar(50) DEFAULT NULL,
  `ATT01F07` decimal(5,2) GENERATED ALWAYS AS ((case when ((`ATT01F05` is not null) and (`ATT01F06` is not null)) then cast((timestampdiff(SECOND,str_to_date(concat(_utf8mb4'1970-01-01 ',`ATT01F05`),_utf8mb4'%Y-%m-%d %H:%i:%s'),str_to_date(concat(_utf8mb4'1970-01-01 ',`ATT01F06`),_utf8mb4'%Y-%m-%d %H:%i:%s')) / 3600.0) as decimal(5,2)) else 0 end)) STORED,
  `ATT01F08` varchar(20) DEFAULT 'Present',
  `ATT01F09` varchar(255) DEFAULT NULL,
  `ATT01F10` tinyint(1) GENERATED ALWAYS AS ((case when ((`ATT01F05` is not null) and (`ATT01F05` > _utf8mb4'09:00:00')) then 1 else 0 end)) STORED,
  `ATT01F11` datetime DEFAULT CURRENT_TIMESTAMP,
  `ATT01F12` datetime DEFAULT CURRENT_TIMESTAMP ON UPDATE CURRENT_TIMESTAMP,
  PRIMARY KEY (`ATT01F01`),
  KEY `FK_ATT01_EMP01` (`ATT01F02`),
  KEY `FK_ATT01_DEP01` (`ATT01F03`),
  CONSTRAINT `FK_ATT01_DEP01` FOREIGN KEY (`ATT01F03`) REFERENCES `dept01` (`T01F01`) ON DELETE CASCADE,
  CONSTRAINT `FK_ATT01_EMP01` FOREIGN KEY (`ATT01F02`) REFERENCES `usr01` (`R01F01`) ON DELETE CASCADE
) ENGINE=InnoDB AUTO_INCREMENT=279 DEFAULT CHARSET=utf8mb4 COLLATE=utf8mb4_0900_ai_ci;
/*!40101 SET character_set_client = @saved_cs_client */;

--
-- Dumping data for table `att01`
--

LOCK TABLES `att01` WRITE;
/*!40000 ALTER TABLE `att01` DISABLE KEYS */;
INSERT INTO `att01` (`ATT01F01`, `ATT01F02`, `ATT01F03`, `ATT01F04`, `ATT01F05`, `ATT01F06`, `ATT01F08`, `ATT01F09`, `ATT01F11`, `ATT01F12`) VALUES (1,1,1,'2025-03-01','08:45:00','17:30:00','Present','On time','2025-03-08 15:45:31','2025-03-08 15:45:31'),(2,1,1,'2025-03-02','09:10:00','18:00:00','Present','Late arrival','2025-03-08 15:45:31','2025-03-08 15:45:31'),(3,1,1,'2025-03-03','09:00:00','17:45:00','Present','Regular hours','2025-03-08 15:45:31','2025-03-08 15:45:31'),(4,1,1,'2025-03-04','08:55:00','17:40:00','Present','On time','2025-03-08 15:45:31','2025-03-08 15:45:31'),(5,1,1,'2025-03-05',NULL,NULL,'Absent','Sick leave','2025-03-08 15:45:31','2025-03-08 15:45:31'),(6,1,1,'2025-03-06','08:50:00','17:35:00','Present','Early check-in','2025-03-08 15:45:31','2025-03-08 15:45:31'),(7,1,1,'2025-03-07','09:20:00','18:10:00','Present','Late arrival','2025-03-08 15:45:31','2025-03-08 15:45:31'),(8,1,1,'2025-03-08','08:40:00','17:25:00','Present','On time','2025-03-08 15:45:31','2025-03-08 15:45:31'),(9,1,1,'2025-03-09','09:05:00','18:00:00','Present','Normal hours','2025-03-08 15:45:31','2025-03-08 15:45:31'),(10,1,1,'2025-03-10','08:55:00','17:30:00','Present','On time','2025-03-08 15:45:31','2025-03-08 15:45:31'),(11,2,2,'2025-03-01','09:00:00','17:30:00','Present','Regular hours','2025-03-08 15:45:31','2025-03-08 15:45:31'),(12,2,2,'2025-03-02','09:15:00','18:00:00','Present','Late arrival','2025-03-08 15:45:31','2025-03-08 15:45:31'),(13,2,2,'2025-03-03',NULL,NULL,'Absent','Personal work','2025-03-08 15:45:31','2025-03-08 15:45:31'),(14,2,2,'2025-03-04','08:50:00','17:40:00','Present','On time','2025-03-08 15:45:31','2025-03-08 15:45:31'),(15,2,2,'2025-03-05','09:05:00','18:00:00','Present','Regular shift','2025-03-08 15:45:31','2025-03-08 15:45:31'),(16,2,2,'2025-03-06','08:45:00','17:35:00','Present','Early check-in','2025-03-08 15:45:31','2025-03-08 15:45:31'),(17,2,2,'2025-03-07','09:10:00','18:00:00','Present','Slightly late','2025-03-08 15:45:31','2025-03-08 15:45:31'),(18,2,2,'2025-03-08','08:40:00','17:25:00','Present','On time','2025-03-08 15:45:31','2025-03-08 15:45:31'),(19,2,2,'2025-03-09','09:00:00','18:10:00','Present','Overtime','2025-03-08 15:45:31','2025-03-08 15:45:31'),(20,2,2,'2025-03-10','08:55:00','17:30:00','Present','On time','2025-03-08 15:45:31','2025-03-08 15:45:31'),(21,3,3,'2025-03-01','08:55:00','17:30:00','Present','Normal shift','2025-03-08 15:45:31','2025-03-08 15:45:31'),(22,3,3,'2025-03-02','09:10:00','18:15:00','Present','Worked overtime','2025-03-08 15:45:31','2025-03-08 15:45:31'),(23,3,3,'2025-03-03',NULL,NULL,'Absent','Family emergency','2025-03-08 15:45:31','2025-03-08 15:45:31'),(24,3,3,'2025-03-04','08:50:00','17:40:00','Present','Early arrival','2025-03-08 15:45:31','2025-03-08 15:45:31'),(25,3,3,'2025-03-05','09:00:00','18:00:00','Present','Regular shift','2025-03-08 15:45:31','2025-03-08 15:45:31'),(26,3,3,'2025-03-06','08:45:00','17:35:00','Present','On time','2025-03-08 15:45:31','2025-03-08 15:45:31'),(27,3,3,'2025-03-07','09:20:00','18:00:00','Present','Late arrival','2025-03-08 15:45:31','2025-03-08 15:45:31'),(28,3,3,'2025-03-08','08:40:00','17:25:00','Present','Normal hours','2025-03-08 15:45:31','2025-03-08 15:45:31'),(29,3,3,'2025-03-09','09:05:00','18:10:00','Present','Overtime','2025-03-08 15:45:31','2025-03-08 15:45:31'),(30,3,3,'2025-03-10','08:55:00','17:30:00','Present','On time','2025-03-08 15:45:31','2025-03-08 15:45:31'),(31,4,4,'2025-03-01','08:55:00','17:30:00','Present','Regular shift','2025-03-08 15:45:31','2025-03-08 15:45:31'),(32,4,4,'2025-03-02','09:10:00','18:15:00','Present','Overtime','2025-03-08 15:45:31','2025-03-08 15:45:31'),(33,4,4,'2025-03-03',NULL,NULL,'Absent','Leave approved','2025-03-08 15:45:31','2025-03-08 15:45:31'),(34,4,4,'2025-03-04','08:50:00','17:40:00','Present','Early arrival','2025-03-08 15:45:31','2025-03-08 15:45:31'),(35,4,4,'2025-03-05','09:00:00','18:00:00','Present','Regular shift','2025-03-08 15:45:31','2025-03-08 15:45:31'),(36,4,4,'2025-03-06','08:45:00','17:35:00','Present','On time','2025-03-08 15:45:31','2025-03-08 15:45:31'),(37,4,4,'2025-03-07','09:20:00','18:00:00','Present','Late arrival','2025-03-08 15:45:31','2025-03-08 15:45:31'),(38,4,4,'2025-03-08','08:40:00','17:25:00','Present','Normal hours','2025-03-08 15:45:31','2025-03-08 15:45:31'),(39,4,4,'2025-03-09','09:05:00','18:10:00','Present','Overtime','2025-03-08 15:45:31','2025-03-08 15:45:31'),(40,4,4,'2025-03-10','08:55:00','17:30:00','Present','On time','2025-03-08 15:45:31','2025-03-08 15:45:31'),(131,5,2,'2025-03-01','09:00:00','17:30:00','Present','Regular shift','2025-03-08 15:49:35','2025-03-08 15:49:35'),(132,5,2,'2025-03-02','09:10:00','18:00:00','Present','Late arrival','2025-03-08 15:49:35','2025-03-08 15:49:35'),(133,5,2,'2025-03-03',NULL,NULL,'Absent','Sick leave','2025-03-08 15:49:35','2025-03-08 15:49:35'),(134,5,2,'2025-03-04','08:50:00','17:40:00','Present','Early arrival','2025-03-08 15:49:35','2025-03-08 15:49:35'),(135,5,2,'2025-03-05','09:05:00','18:00:00','Present','Regular hours','2025-03-08 15:49:35','2025-03-08 15:49:35'),(136,5,2,'2025-03-06','08:45:00','17:35:00','Present','Early check-in','2025-03-08 15:49:35','2025-03-08 15:49:35'),(137,5,2,'2025-03-07','09:20:00','18:10:00','Present','Late arrival','2025-03-08 15:49:35','2025-03-08 15:49:35'),(138,5,2,'2025-03-08','08:40:00','17:25:00','Present','On time','2025-03-08 15:49:35','2025-03-08 15:49:35'),(139,5,2,'2025-03-09','09:05:00','18:00:00','Present','Regular shift','2025-03-08 15:49:35','2025-03-08 15:49:35'),(140,5,2,'2025-03-10','08:55:00','17:30:00','Present','On time','2025-03-08 15:49:35','2025-03-08 15:49:35'),(141,6,3,'2025-03-01','08:55:00','17:30:00','Present','On time','2025-03-08 15:49:35','2025-03-08 15:49:35'),(142,6,3,'2025-03-02','09:15:00','18:00:00','Present','Late check-in','2025-03-08 15:49:35','2025-03-08 15:49:35'),(143,6,3,'2025-03-03','08:45:00','17:35:00','Present','Early shift','2025-03-08 15:49:35','2025-03-08 15:49:35'),(144,6,3,'2025-03-04',NULL,NULL,'Absent','Personal work','2025-03-08 15:49:35','2025-03-08 15:49:35'),(145,6,3,'2025-03-05','09:05:00','18:00:00','Present','Regular hours','2025-03-08 15:49:35','2025-03-08 15:49:35'),(146,6,3,'2025-03-06','08:50:00','17:40:00','Present','On time','2025-03-08 15:49:35','2025-03-08 15:49:35'),(147,6,3,'2025-03-07','09:20:00','18:10:00','Present','Late arrival','2025-03-08 15:49:35','2025-03-08 15:49:35'),(148,6,3,'2025-03-08','08:40:00','17:25:00','Present','On time','2025-03-08 15:49:35','2025-03-08 15:49:35'),(149,6,3,'2025-03-09','09:05:00','18:00:00','Present','Regular shift','2025-03-08 15:49:35','2025-03-08 15:49:35'),(150,6,3,'2025-03-10','08:55:00','17:30:00','Present','On time','2025-03-08 15:49:35','2025-03-08 15:49:35'),(151,7,1,'2025-03-01','09:00:00','17:30:00','Present','Regular shift','2025-03-08 15:49:35','2025-03-08 15:49:35'),(152,7,1,'2025-03-02','09:10:00','18:00:00','Present','Late arrival','2025-03-08 15:49:35','2025-03-08 15:49:35'),(153,7,1,'2025-03-03',NULL,NULL,'Absent','Sick leave','2025-03-08 15:49:35','2025-03-08 15:49:35'),(154,7,1,'2025-03-04','08:50:00','17:40:00','Present','Early arrival','2025-03-08 15:49:35','2025-03-08 15:49:35'),(155,7,1,'2025-03-05','09:05:00','18:00:00','Present','Regular hours','2025-03-08 15:49:35','2025-03-08 15:49:35'),(156,7,1,'2025-03-06','08:45:00','17:35:00','Present','Early check-in','2025-03-08 15:49:35','2025-03-08 15:49:35'),(157,7,1,'2025-03-07','09:20:00','18:10:00','Present','Late arrival','2025-03-08 15:49:35','2025-03-08 15:49:35'),(158,7,1,'2025-03-08','08:40:00','17:25:00','Present','On time','2025-03-08 15:49:35','2025-03-08 15:49:35'),(159,7,1,'2025-03-09','09:05:00','18:00:00','Present','Regular shift','2025-03-08 15:49:35','2025-03-08 15:49:35'),(160,7,1,'2025-03-10','08:55:00','17:30:00','Present','On time','2025-03-08 15:49:35','2025-03-08 15:49:35'),(161,8,4,'2025-03-01','08:55:00','17:30:00','Present','Regular shift','2025-03-08 15:49:35','2025-03-08 15:49:35'),(162,8,4,'2025-03-02','09:10:00','18:15:00','Present','Overtime','2025-03-08 15:49:35','2025-03-08 15:49:35'),(163,8,4,'2025-03-03',NULL,NULL,'Absent','Leave approved','2025-03-08 15:49:35','2025-03-08 15:49:35'),(164,8,4,'2025-03-04','08:50:00','17:40:00','Present','Early arrival','2025-03-08 15:49:35','2025-03-08 15:49:35'),(165,8,4,'2025-03-05','09:00:00','18:00:00','Present','Regular shift','2025-03-08 15:49:35','2025-03-08 15:49:35'),(166,8,4,'2025-03-06','08:45:00','17:35:00','Present','On time','2025-03-08 15:49:35','2025-03-08 15:49:35'),(167,8,4,'2025-03-07','09:20:00','18:00:00','Present','Late arrival','2025-03-08 15:49:35','2025-03-08 15:49:35'),(168,8,4,'2025-03-08','08:40:00','17:25:00','Present','Normal hours','2025-03-08 15:49:35','2025-03-08 15:49:35'),(169,8,4,'2025-03-09','09:05:00','18:10:00','Present','Overtime','2025-03-08 15:49:35','2025-03-08 15:49:35'),(170,8,4,'2025-03-10','08:55:00','17:30:00','Present','On time','2025-03-08 15:49:35','2025-03-08 15:49:35'),(171,11,4,'2025-03-01','08:55:00','17:30:00','Present','Regular shift','2025-03-08 15:58:16','2025-03-08 15:58:16'),(172,11,4,'2025-03-02','09:10:00','18:15:00','Present','Overtime','2025-03-08 15:58:16','2025-03-08 15:58:16'),(173,11,4,'2025-03-03',NULL,NULL,'Absent','Leave approved','2025-03-08 15:58:16','2025-03-08 15:58:16'),(174,11,4,'2025-03-04','08:50:00','17:40:00','Present','Early arrival','2025-03-08 15:58:16','2025-03-08 15:58:16'),(175,11,4,'2025-03-05','09:00:00','18:00:00','Present','Regular shift','2025-03-08 15:58:16','2025-03-08 15:58:16'),(176,11,4,'2025-03-06','08:45:00','17:35:00','Present','On time','2025-03-08 15:58:16','2025-03-08 15:58:16'),(177,11,4,'2025-03-07','09:20:00','18:00:00','Present','Late arrival','2025-03-08 15:58:16','2025-03-08 15:58:16'),(178,11,4,'2025-03-08','08:40:00','17:25:00','Present','Normal hours','2025-03-08 15:58:16','2025-03-08 15:58:16'),(179,11,4,'2025-03-09','09:05:00','18:10:00','Present','Overtime','2025-03-08 15:58:16','2025-03-08 15:58:16'),(180,11,4,'2025-03-10','08:55:00','17:30:00','Present','On time','2025-03-08 15:58:16','2025-03-08 15:58:16'),(181,12,4,'2025-03-01','08:50:00','17:35:00','Present','Regular shift','2025-03-08 15:58:16','2025-03-08 15:58:16'),(182,12,4,'2025-03-02','09:15:00','18:10:00','Present','Overtime','2025-03-08 15:58:16','2025-03-08 15:58:16'),(183,12,4,'2025-03-03',NULL,NULL,'Absent','Sick leave','2025-03-08 15:58:16','2025-03-08 15:58:16'),(184,12,4,'2025-03-04','08:45:00','17:30:00','Present','Early arrival','2025-03-08 15:58:16','2025-03-08 15:58:16'),(185,12,4,'2025-03-05','09:00:00','18:00:00','Present','Regular shift','2025-03-08 15:58:16','2025-03-08 15:58:16'),(186,12,4,'2025-03-06','08:55:00','17:40:00','Present','On time','2025-03-08 15:58:16','2025-03-08 15:58:16'),(187,12,4,'2025-03-07','09:30:00','18:20:00','Present','Late arrival','2025-03-08 15:58:16','2025-03-08 15:58:16'),(188,12,4,'2025-03-08','08:35:00','17:20:00','Present','Normal hours','2025-03-08 15:58:16','2025-03-08 15:58:16'),(189,12,4,'2025-03-09','09:10:00','18:15:00','Present','Overtime','2025-03-08 15:58:16','2025-03-08 15:58:16'),(190,12,4,'2025-03-10','08:50:00','17:30:00','Present','On time','2025-03-08 15:58:16','2025-03-08 15:58:16'),(191,13,4,'2025-03-01','08:45:00','17:25:00','Present','Regular shift','2025-03-08 15:58:16','2025-03-08 15:58:16'),(192,13,4,'2025-03-02','09:20:00','18:00:00','Present','Overtime','2025-03-08 15:58:16','2025-03-08 15:58:16'),(193,13,4,'2025-03-03',NULL,NULL,'Absent','Personal leave','2025-03-08 15:58:16','2025-03-08 15:58:16'),(194,13,4,'2025-03-04','08:50:00','17:30:00','Present','Early arrival','2025-03-08 15:58:16','2025-03-08 15:58:16'),(195,13,4,'2025-03-05','09:05:00','18:10:00','Present','Regular shift','2025-03-08 15:58:16','2025-03-08 15:58:16'),(196,13,4,'2025-03-06','08:55:00','17:45:00','Present','On time','2025-03-08 15:58:16','2025-03-08 15:58:16'),(197,13,4,'2025-03-07','09:15:00','18:00:00','Present','Late arrival','2025-03-08 15:58:16','2025-03-08 15:58:16'),(198,13,4,'2025-03-08','08:40:00','17:25:00','Present','Normal hours','2025-03-08 15:58:16','2025-03-08 15:58:16'),(199,13,4,'2025-03-09','09:00:00','18:00:00','Present','Overtime','2025-03-08 15:58:16','2025-03-08 15:58:16'),(200,13,4,'2025-03-10','08:55:00','17:30:00','Present','On time','2025-03-08 15:58:16','2025-03-08 15:58:16'),(201,14,4,'2025-03-01','08:55:00','17:30:00','Present','Regular shift','2025-03-08 15:58:16','2025-03-08 15:58:16'),(202,14,4,'2025-03-02','09:30:00','18:30:00','Present','Overtime','2025-03-08 15:58:16','2025-03-08 15:58:16'),(203,14,4,'2025-03-03',NULL,NULL,'Absent','Vacation','2025-03-08 15:58:16','2025-03-08 15:58:16'),(204,14,4,'2025-03-04','08:45:00','17:40:00','Present','Early arrival','2025-03-08 15:58:16','2025-03-08 15:58:16'),(205,14,4,'2025-03-05','09:10:00','18:20:00','Present','Regular shift','2025-03-08 15:58:16','2025-03-08 15:58:16'),(206,14,4,'2025-03-06','08:50:00','17:30:00','Present','On time','2025-03-08 15:58:16','2025-03-08 15:58:16'),(207,14,4,'2025-03-07','09:25:00','18:15:00','Present','Late arrival','2025-03-08 15:58:16','2025-03-08 15:58:16'),(208,14,4,'2025-03-08','08:40:00','17:20:00','Present','Normal hours','2025-03-08 15:58:16','2025-03-08 15:58:16'),(209,14,4,'2025-03-09','09:05:00','18:10:00','Present','Overtime','2025-03-08 15:58:16','2025-03-08 15:58:16'),(210,14,4,'2025-03-10','08:55:00','17:30:00','Present','On time','2025-03-08 15:58:16','2025-03-08 15:58:16'),(211,15,4,'2025-03-01','08:50:00','17:30:00','Present','Regular shift','2025-03-08 15:58:16','2025-03-08 15:58:16'),(212,15,4,'2025-03-02','09:20:00','18:10:00','Present','Overtime','2025-03-08 15:58:16','2025-03-08 15:58:16'),(213,15,4,'2025-03-03',NULL,NULL,'Absent','Medical leave','2025-03-08 15:58:16','2025-03-08 15:58:16'),(214,15,4,'2025-03-04','08:45:00','17:35:00','Present','Early arrival','2025-03-08 15:58:16','2025-03-08 15:58:16'),(215,15,4,'2025-03-05','09:00:00','18:00:00','Present','Regular shift','2025-03-08 15:58:16','2025-03-08 15:58:16'),(216,15,4,'2025-03-06','08:55:00','17:40:00','Present','On time','2025-03-08 15:58:16','2025-03-08 15:58:16'),(217,15,4,'2025-03-07','09:15:00','18:05:00','Present','Late arrival','2025-03-08 15:58:16','2025-03-08 15:58:16'),(218,15,4,'2025-03-08','08:40:00','17:20:00','Present','Normal hours','2025-03-08 15:58:16','2025-03-08 15:58:16'),(219,15,4,'2025-03-09','09:05:00','18:10:00','Present','Overtime','2025-03-08 15:58:16','2025-03-08 15:58:16'),(220,15,4,'2025-03-10','08:55:00','17:30:00','Present','On time','2025-03-08 15:58:16','2025-03-08 15:58:16'),(221,16,4,'2025-03-01','08:55:00','17:30:00','Present','Regular shift','2025-03-08 15:59:46','2025-03-08 15:59:46'),(222,16,4,'2025-03-02','09:10:00','18:15:00','Present','Overtime','2025-03-08 15:59:46','2025-03-08 15:59:46'),(223,16,4,'2025-03-03',NULL,NULL,'Absent','Leave approved','2025-03-08 15:59:46','2025-03-08 15:59:46'),(224,16,4,'2025-03-04','08:50:00','17:40:00','Present','Early arrival','2025-03-08 15:59:46','2025-03-08 15:59:46'),(225,16,4,'2025-03-05','09:00:00','18:00:00','Present','Regular shift','2025-03-08 15:59:46','2025-03-08 15:59:46'),(226,16,4,'2025-03-06','08:45:00','17:35:00','Present','On time','2025-03-08 15:59:46','2025-03-08 15:59:46'),(227,16,4,'2025-03-07','09:20:00','18:00:00','Present','Late arrival','2025-03-08 15:59:46','2025-03-08 15:59:46'),(228,16,4,'2025-03-08','08:40:00','17:25:00','Present','Normal hours','2025-03-08 15:59:46','2025-03-08 15:59:46'),(229,16,4,'2025-03-09','09:05:00','18:10:00','Present','Overtime','2025-03-08 15:59:46','2025-03-08 15:59:46'),(230,16,4,'2025-03-10','08:55:00','17:30:00','Present','On time','2025-03-08 15:59:46','2025-03-08 15:59:46'),(231,17,4,'2025-03-01','08:50:00','17:35:00','Present','Regular shift','2025-03-08 15:59:46','2025-03-08 15:59:46'),(232,17,4,'2025-03-02','09:15:00','18:10:00','Present','Overtime','2025-03-08 15:59:46','2025-03-08 15:59:46'),(233,17,4,'2025-03-03',NULL,NULL,'Absent','Sick leave','2025-03-08 15:59:46','2025-03-08 15:59:46'),(234,17,4,'2025-03-04','08:45:00','17:30:00','Present','Early arrival','2025-03-08 15:59:46','2025-03-08 15:59:46'),(235,17,4,'2025-03-05','09:00:00','18:00:00','Present','Regular shift','2025-03-08 15:59:46','2025-03-08 15:59:46'),(236,17,4,'2025-03-06','08:55:00','17:40:00','Present','On time','2025-03-08 15:59:46','2025-03-08 15:59:46'),(237,17,4,'2025-03-07','09:30:00','18:20:00','Present','Late arrival','2025-03-08 15:59:46','2025-03-08 15:59:46'),(238,17,4,'2025-03-08','08:35:00','17:20:00','Present','Normal hours','2025-03-08 15:59:46','2025-03-08 15:59:46'),(239,17,4,'2025-03-09','09:10:00','18:15:00','Present','Overtime','2025-03-08 15:59:46','2025-03-08 15:59:46'),(240,17,4,'2025-03-10','08:50:00','17:30:00','Present','On time','2025-03-08 15:59:46','2025-03-08 15:59:46'),(241,18,4,'2025-03-01','08:45:00','17:25:00','Present','Regular shift','2025-03-08 15:59:46','2025-03-08 15:59:46'),(242,18,4,'2025-03-02','09:20:00','18:00:00','Present','Overtime','2025-03-08 15:59:46','2025-03-08 15:59:46'),(243,18,4,'2025-03-03',NULL,NULL,'Absent','Personal leave','2025-03-08 15:59:46','2025-03-08 15:59:46'),(244,18,4,'2025-03-04','08:50:00','17:30:00','Present','Early arrival','2025-03-08 15:59:46','2025-03-08 15:59:46'),(245,18,4,'2025-03-05','09:05:00','18:10:00','Present','Regular shift','2025-03-08 15:59:46','2025-03-08 15:59:46'),(246,18,4,'2025-03-06','08:55:00','17:45:00','Present','On time','2025-03-08 15:59:46','2025-03-08 15:59:46'),(247,18,4,'2025-03-07','09:15:00','18:00:00','Present','Late arrival','2025-03-08 15:59:46','2025-03-08 15:59:46'),(248,18,4,'2025-03-08','08:40:00','17:25:00','Present','Normal hours','2025-03-08 15:59:46','2025-03-08 15:59:46'),(249,18,4,'2025-03-09','09:00:00','18:00:00','Present','Overtime','2025-03-08 15:59:46','2025-03-08 15:59:46'),(250,18,4,'2025-03-10','08:55:00','17:30:00','Present','On time','2025-03-08 15:59:46','2025-03-08 15:59:46'),(251,19,4,'2025-03-01','08:55:00','17:30:00','Present','Regular shift','2025-03-08 15:59:46','2025-03-08 15:59:46'),(252,19,4,'2025-03-02','09:30:00','18:30:00','Present','Overtime','2025-03-08 15:59:46','2025-03-08 15:59:46'),(253,19,4,'2025-03-03',NULL,NULL,'Absent','Vacation','2025-03-08 15:59:46','2025-03-08 15:59:46'),(254,19,4,'2025-03-04','08:45:00','17:40:00','Present','Early arrival','2025-03-08 15:59:46','2025-03-08 15:59:46'),(255,19,4,'2025-03-05','09:10:00','18:20:00','Present','Regular shift','2025-03-08 15:59:46','2025-03-08 15:59:46'),(256,19,4,'2025-03-06','08:50:00','17:30:00','Present','On time','2025-03-08 15:59:46','2025-03-08 15:59:46'),(257,19,4,'2025-03-07','09:25:00','18:15:00','Present','Late arrival','2025-03-08 15:59:46','2025-03-08 15:59:46'),(258,19,4,'2025-03-08','08:40:00','17:20:00','Present','Normal hours','2025-03-08 15:59:46','2025-03-08 15:59:46'),(259,19,4,'2025-03-09','09:05:00','18:10:00','Present','Overtime','2025-03-08 15:59:46','2025-03-08 15:59:46'),(260,19,4,'2025-03-10','08:55:00','17:30:00','Present','On time','2025-03-08 15:59:46','2025-03-08 15:59:46'),(261,20,4,'2025-03-01','08:50:00','17:30:00','Present','Regular shift','2025-03-08 15:59:46','2025-03-08 15:59:46'),(262,20,4,'2025-03-02','09:20:00','18:10:00','Present','Overtime','2025-03-08 15:59:46','2025-03-08 15:59:46'),(263,20,4,'2025-03-03',NULL,NULL,'Absent','Medical leave','2025-03-08 15:59:46','2025-03-08 15:59:46'),(264,20,4,'2025-03-04','08:45:00','17:35:00','Present','Early arrival','2025-03-08 15:59:46','2025-03-08 15:59:46'),(265,20,4,'2025-03-05','09:00:00','18:00:00','Present','Regular shift','2025-03-08 15:59:46','2025-03-08 15:59:46'),(266,20,4,'2025-03-06','08:55:00','17:40:00','Present','On time','2025-03-08 15:59:46','2025-03-08 15:59:46'),(267,20,4,'2025-03-07','09:15:00','18:05:00','Present','Late arrival','2025-03-08 15:59:46','2025-03-08 15:59:46'),(268,20,4,'2025-03-08','08:40:00','17:20:00','Present','Normal hours','2025-03-08 15:59:46','2025-03-08 15:59:46'),(269,20,4,'2025-03-09','09:05:00','18:10:00','Present','Overtime','2025-03-08 15:59:46','2025-03-08 15:59:46'),(270,20,4,'2025-03-10','08:55:00','17:30:00','Present','On time','2025-03-08 15:59:46','2025-03-08 15:59:46'),(271,21,4,'2025-03-01','08:55:00','17:30:00','Present','Regular shift','2025-03-08 15:59:46','2025-03-08 15:59:46'),(272,21,4,'2025-03-02','09:10:00','18:15:00','Present','Overtime','2025-03-08 15:59:46','2025-03-08 15:59:46'),(273,21,4,'2025-03-03',NULL,NULL,'Absent','Leave approved','2025-03-08 15:59:46','2025-03-08 15:59:46'),(274,21,4,'2025-03-04','08:50:00','17:40:00','Present','Early arrival','2025-03-08 15:59:46','2025-03-08 15:59:46'),(275,21,4,'2025-03-05','09:00:00','18:00:00','Present','Regular shift','2025-03-08 15:59:46','2025-03-08 15:59:46'),(276,21,4,'2025-03-06','08:45:00','17:35:00','Present','On time','2025-03-08 15:59:46','2025-03-08 15:59:46'),(277,21,4,'2025-03-07','09:20:00','18:00:00','Present','Late arrival','2025-03-08 15:59:46','2025-03-08 15:59:46'),(278,21,4,'2025-03-08','08:40:00','17:25:00','Present','Normal hours','2025-03-08 15:59:46','2025-03-08 15:59:46');
/*!40000 ALTER TABLE `att01` ENABLE KEYS */;
UNLOCK TABLES;

--
-- Table structure for table `dept01`
--

DROP TABLE IF EXISTS `dept01`;
/*!40101 SET @saved_cs_client     = @@character_set_client */;
/*!50503 SET character_set_client = utf8mb4 */;
CREATE TABLE `dept01` (
  `T01F01` int NOT NULL AUTO_INCREMENT,
  `T01F02` varchar(100) NOT NULL,
  `T01F03` tinyint(1) NOT NULL,
  PRIMARY KEY (`T01F01`)
) ENGINE=InnoDB AUTO_INCREMENT=12 DEFAULT CHARSET=utf8mb4 COLLATE=utf8mb4_0900_ai_ci;
/*!40101 SET character_set_client = @saved_cs_client */;

--
-- Dumping data for table `dept01`
--

LOCK TABLES `dept01` WRITE;
/*!40000 ALTER TABLE `dept01` DISABLE KEYS */;
INSERT INTO `dept01` VALUES (1,'hr dept',1),(2,'qa',1),(3,'dev',1),(4,'pa',1),(6,'administrator',1),(8,'marketing',1),(9,'graphic designer',1),(11,'dummy',1);
/*!40000 ALTER TABLE `dept01` ENABLE KEYS */;
UNLOCK TABLES;

--
-- Table structure for table `emp01`
--

DROP TABLE IF EXISTS `emp01`;
/*!40101 SET @saved_cs_client     = @@character_set_client */;
/*!50503 SET character_set_client = utf8mb4 */;
CREATE TABLE `emp01` (
  `P01F01` int NOT NULL AUTO_INCREMENT,
  `P01F02` varchar(255) DEFAULT NULL,
  `P01F03` varchar(255) DEFAULT NULL,
  `P01F04` datetime NOT NULL,
  `P01F05` int NOT NULL,
  `P01F06` varchar(255) DEFAULT NULL,
  `P01F07` tinyint(1) NOT NULL,
  `P01F08` decimal(10,0) NOT NULL DEFAULT '0',
  `P01F09` int NOT NULL,
  PRIMARY KEY (`P01F01`),
  KEY `fk_emp01_usr01_idx` (`P01F09`),
  KEY `fk_emp01_dept01_idx` (`P01F05`),
  CONSTRAINT `FK_EMP01_DEPT01` FOREIGN KEY (`P01F05`) REFERENCES `dept01` (`T01F01`) ON DELETE CASCADE,
  CONSTRAINT `FK_EMP01_USR01` FOREIGN KEY (`P01F09`) REFERENCES `usr01` (`R01F01`) ON DELETE CASCADE
) ENGINE=InnoDB AUTO_INCREMENT=21 DEFAULT CHARSET=utf8mb4 COLLATE=utf8mb4_0900_ai_ci;
/*!40101 SET character_set_client = @saved_cs_client */;

--
-- Dumping data for table `emp01`
--

LOCK TABLES `emp01` WRITE;
/*!40000 ALTER TABLE `emp01` DISABLE KEYS */;
INSERT INTO `emp01` VALUES (1,'Priyansh','Sharma','1995-03-15 00:00:00',1,'User',1,50000,1),(2,'Admin','Kumar','1988-06-21 00:00:00',6,'Admin',1,80000,2),(3,'Editor','Patel','1992-07-12 00:00:00',2,'Editor',1,55000,3),(4,'User','Singh','1994-09-10 00:00:00',3,'User',1,48000,4),(5,'parth','trivedi','1991-05-25 00:00:00',2,'editor',1,6000,5),(6,'Keyur','Mehta','1990-11-30 00:00:00',1,'User',1,52000,7),(7,'Champak','Lal','1985-08-19 00:00:00',8,'User',1,49000,8),(8,'Mehta','Desai','1987-10-05 00:00:00',3,'User',1,47000,11),(9,'Anjli','Verma','1993-12-22 00:00:00',4,'User',1,46000,12),(10,'Madhvi','Bose','1996-01-14 00:00:00',3,'User',1,51000,13),(11,'Bhide','Joshi','1989-04-09 00:00:00',1,'User',1,53000,14),(12,'hathi','goyal','1982-07-31 00:00:00',6,'admin',1,100000,15),(13,'Goli','Pandey','1990-09-29 00:00:00',2,'Editor',1,58000,16),(14,'Komal','Roy','1994-06-13 00:00:00',1,'User',1,54000,17),(15,'Babita','Kapoor','1986-03-24 00:00:00',6,'Admin',1,82000,18),(16,'Tapu','Shah','1995-02-16 00:00:00',2,'Editor',1,57000,19),(17,'Dimple','Chauhan','1993-11-28 00:00:00',6,'Admin',1,83000,20),(18,'Ram','Rathore','1988-05-03 00:00:00',2,'Editor',1,60000,21),(19,'bhatt ','g','2025-03-10 00:00:00',2,'meta ai',1,150,22),(20,'syam','patel','2025-02-25 00:00:00',9,'sr. designer',1,42000,24);
/*!40000 ALTER TABLE `emp01` ENABLE KEYS */;
UNLOCK TABLES;

--
-- Table structure for table `usr01`
--

DROP TABLE IF EXISTS `usr01`;
/*!40101 SET @saved_cs_client     = @@character_set_client */;
/*!50503 SET character_set_client = utf8mb4 */;
CREATE TABLE `usr01` (
  `R01F01` int NOT NULL AUTO_INCREMENT,
  `R01F02` varchar(255) DEFAULT NULL,
  `R01F03` varchar(255) DEFAULT NULL,
  `R01F04` varchar(255) NOT NULL,
  `R01F05` tinyint(1) NOT NULL,
  `R01F06` datetime NOT NULL,
  `R01F07` datetime NOT NULL,
  PRIMARY KEY (`R01F01`)
) ENGINE=InnoDB AUTO_INCREMENT=25 DEFAULT CHARSET=utf8mb4 COLLATE=utf8mb4_0900_ai_ci;
/*!40101 SET character_set_client = @saved_cs_client */;

--
-- Dumping data for table `usr01`
--

LOCK TABLES `usr01` WRITE;
/*!40000 ALTER TABLE `usr01` DISABLE KEYS */;
INSERT INTO `usr01` VALUES (1,'priyansh','vL+AtcFWrDd9rT4AJMrvug==','User',1,'2025-02-05 09:21:03','2025-03-04 15:58:24'),(2,'admin','d20wu1qgWSXYzir01GTWcg==','Admin',1,'2025-02-05 09:25:41','2025-02-05 09:27:44'),(3,'editor','ofjyB7yVMxb9AsZgsurh8w==','Editor',1,'2025-02-05 09:26:12','2025-02-05 09:26:12'),(4,'user','RVZdeSNRyPxKjd+yaxNykw==','User',1,'2025-02-07 13:52:42','2025-02-07 13:53:32'),(5,'parth','RTW019jTAYMg89F4MdbBD6MyAwbQLttTO0L3cCcEjHWDcBB1wg+aghkATSnryH4W','Editor',1,'2025-02-07 14:54:46','2025-03-04 16:03:01'),(6,'string','RTW019jTAYMg89F4MdbBD6MyAwbQLttTO0L3cCcEjHWDcBB1wg+aghkATSnryH4W','Editor',1,'2025-02-07 14:55:06','2025-03-04 16:21:58'),(7,'keyur','vL+AtcFWrDd9rT4AJMrvug==','User',1,'2025-03-03 11:03:59','2025-03-03 11:03:59'),(8,'champak','iR75/RTDslkNLtU3tzYRsA==','User',1,'2025-03-03 11:32:46','2025-03-03 11:32:46'),(11,'mehta','MuaoEKXi7PufeQZAnjGcNA==','User',1,'2025-03-03 11:45:44','2025-03-03 11:45:44'),(12,'anjli','MuaoEKXi7PufeQZAnjGcNA==','User',1,'2025-03-03 11:46:29','2025-03-03 11:46:29'),(13,'madhvi','MuaoEKXi7PufeQZAnjGcNA==','User',1,'2025-03-03 11:47:12','2025-03-03 11:47:12'),(14,'bhide','UUxfY97nvOx7/AJGfVVkwBvHb84cuDPVuRgMVmbNYP8=','User',1,'2025-03-03 12:50:27','2025-03-04 15:29:07'),(15,'hathi','MuaoEKXi7PufeQZAnjGcNA==','Admin',1,'2025-03-03 12:57:23','2025-03-05 11:29:07'),(16,'goli','MuaoEKXi7PufeQZAnjGcNA==','Editor',1,'2025-03-03 16:28:13','2025-03-03 16:28:13'),(17,'komal','MuaoEKXi7PufeQZAnjGcNA==','User',1,'2025-03-03 16:34:58','2025-03-03 16:34:58'),(18,'babita','WkuMdEjGVNquAOGOsTxXcTbRqZIbUZlU+3j2ni+KAqc=','Admin',1,'2025-03-04 15:04:40','2025-03-04 15:17:47'),(19,'tapu','+63r+ebQuYFZn0MSEwhlGw==','Editor',1,'2025-03-04 15:20:08','2025-03-04 15:20:08'),(20,'dimple','MuaoEKXi7PufeQZAnjGcNA==','Admin',1,'2025-03-04 15:48:50','2025-03-04 15:48:50'),(21,'ram','MuaoEKXi7PufeQZAnjGcNA==','Editor',1,'2025-03-04 16:16:43','2025-03-04 16:16:43'),(22,'bhattg','MuaoEKXi7PufeQZAnjGcNA==','Admin',1,'2025-03-10 10:07:15','2025-03-10 10:07:52'),(23,'jaysolanki','YG2UvrODyr2BtyxFoyNQAg==','Admin',1,'2025-03-12 16:20:26','2025-03-12 16:20:26'),(24,'syam','MuaoEKXi7PufeQZAnjGcNA==','User',1,'2025-03-17 09:15:11','2025-03-17 09:15:11');
/*!40000 ALTER TABLE `usr01` ENABLE KEYS */;
UNLOCK TABLES;

--
-- Dumping events for database 'kpd_finaldemo'
--

--
-- Dumping routines for database 'kpd_finaldemo'
--
/*!40103 SET TIME_ZONE=@OLD_TIME_ZONE */;

/*!40101 SET SQL_MODE=@OLD_SQL_MODE */;
/*!40014 SET FOREIGN_KEY_CHECKS=@OLD_FOREIGN_KEY_CHECKS */;
/*!40014 SET UNIQUE_CHECKS=@OLD_UNIQUE_CHECKS */;
/*!40101 SET CHARACTER_SET_CLIENT=@OLD_CHARACTER_SET_CLIENT */;
/*!40101 SET CHARACTER_SET_RESULTS=@OLD_CHARACTER_SET_RESULTS */;
/*!40101 SET COLLATION_CONNECTION=@OLD_COLLATION_CONNECTION */;
/*!40111 SET SQL_NOTES=@OLD_SQL_NOTES */;

-- Dump completed on 2025-03-17  9:53:48
